mode,alpha,k,rows,theta_min,theta_max,L_struct_uv,max_R,max_Psi,mean_R,mean_Psi
corner,0.65,2.2,64,0,6.18501053675491,4.78416352301359,3.11126983722082,4.84000000000003,2.37141485256946,2.87390619929891
fixed,0.65,2.2,64,0,6.18501053675491,9.14992854327652,3.11126983722082,4.84000000000003,1.73797579696186,1.69013544949568
xw,0.65,2.2,64,0,6.18501053675491,5.91608155311085,3.11126983722082,4.84000000000003,2.2241594795277,2.56474917744718
